country,continent,pop_millions,life_exp,wellbeing,footprint,hpi,gdp_pc,hpi_rank
Costa Rica,Americas,5.15,80.3,7,2.65,62.1,20300,1
Vanuatu,Oceania,0.32,70.5,6.96,1.62,60.4,3150,2
Colombia,Americas,51.52,77.3,6.35,1.9,60.2,14600,3
Switzerland,Europe,8.7,83.8,7.69,4.14,60.1,68400,4
Ecuador,Americas,17.8,77,5.81,1.51,58.8,11400,5
Panama,Americas,4.35,78.5,6.09,2.1,57.9,31500,6
Jamaica,Americas,2.83,74.5,6.31,1.84,57.9,9800,6
Guatemala,Americas,17.9,74.3,6.26,1.89,56.5,8800,8
Honduras,Americas,10.2,75.3,5.93,1.67,56.1,5400,9
Nicaragua,Americas,6.85,74.5,5.82,1.56,56,5600,10
Peru,Americas,33.7,76.7,6.01,2.12,55.2,12900,11
Mexico,Americas,128.9,75.1,6.32,2.71,53.4,19100,12
Philippines,Asia,113.88,71.2,5.88,1.45,53.2,8900,13
Dominican Republic,Americas,11.1,74.1,5.55,1.75,52.8,18600,14
Vietnam,Asia,97.47,75.4,5.41,1.65,52.7,8600,15
Norway,Europe,5.4,83.2,7.37,4.5,52.2,65800,16
Finland,Europe,5.54,82,7.82,5.8,52,49500,17
Spain,Europe,47.42,83.6,6.48,4.02,51.9,38300,18
Japan,Asia,125.7,84.6,6.12,4.35,51.8,42100,19
Netherlands,Europe,17.53,82.3,7.46,4.95,51.5,57400,20
Indonesia,Asia,273.75,71.7,5.35,1.58,51.4,12000,21
Sweden,Europe,10.42,83,7.36,5.12,51.1,53800,22
Tajikistan,Asia,9.75,71.1,5.36,1.6,50.6,3800,23
United Kingdom,Europe,67.33,80.9,6.87,4.1,50.4,45300,24
Chile,Americas,19.5,80.2,6.17,4.36,50.1,25100,25
Germany,Europe,83.2,80.9,6.72,4.51,49.8,53900,26
New Zealand,Oceania,5.12,82.5,7.14,5.1,49.2,42300,27
Argentina,Americas,45.8,76.7,5.97,3.42,48.9,21500,28
France,Europe,67.75,82.3,6.66,4.61,48.7,45900,29
Italy,Europe,59.11,82.8,6.49,4.4,48.6,42000,30
Brazil,Americas,214.3,75.9,6.12,2.8,48.5,14800,31
Armenia,Asia,2.79,75.1,5.49,2.1,48.2,13300,32
Sri Lanka,Asia,22.16,77,4.33,1.53,47.8,13200,33
Algeria,Africa,44.18,76.9,5.21,2.12,47.6,11500,34
Thailand,Asia,71.6,77.2,5.99,2.6,47.5,18200,35
Morocco,Africa,37.08,76.7,5.06,1.81,46.5,7800,36
Australia,Oceania,25.69,83.3,7.16,6.7,45.3,51800,37
Greece,Europe,10.64,81.1,5.72,4.1,45.2,29800,38
South Korea,Asia,51.74,83.5,5.85,5.7,44.9,43000,39
Poland,Europe,37.75,77.5,6.17,4.44,44.8,34300,40
Canada,Americas,38.25,82.7,7.03,7.77,44.1,48000,41
Fiji,Oceania,0.93,67.4,5.8,2.5,44,12100,42
China,Asia,1412,78.1,5.77,3.71,43.8,17500,43
India,Asia,1408,67.2,4.23,1.21,43.6,6600,44
Tunisia,Africa,12.26,76.7,4.6,2.1,43.1,10800,45
Pakistan,Asia,231.4,66.1,4.55,1.05,43,5200,46
Bangladesh,Asia,169.4,72.4,5.14,1.1,42.8,5000,47
Senegal,Africa,16.88,67.9,4.68,1.25,42.2,3500,48
Ghana,Africa,32.83,64.1,5.14,1.8,40.7,5400,49
Kenya,Africa,53.01,66.7,4.54,1.15,40.5,4500,50
Estonia,Europe,1.33,78.6,6.45,6.8,40.2,37200,51
Bulgaria,Europe,6.88,75.1,5.1,3.8,38.9,23700,52
Egypt,Africa,109.26,72,4.28,2.1,38.7,12600,53
Uganda,Africa,45.85,63.4,4.64,1.2,38.2,2300,54
United States,Americas,333.3,76.4,6.96,7.8,37.4,63500,55
Saudi Arabia,Asia,35.95,75.3,6.5,7.3,35.4,46700,56
Tanzania,Africa,63.59,65.5,3.68,1.18,35.4,2800,56
Ethiopia,Africa,120.28,65,4.18,1.02,35.1,2400,58
Nigeria,Africa,213.4,52.7,4.55,1.12,33.8,4900,59
Luxembourg,Europe,0.64,82.6,7.4,12.8,33.5,116300,60
United Arab Emirates,Asia,9.37,78,6.73,8.9,31.8,67000,61
South Africa,Africa,59.39,64.1,4.95,3.38,29.5,13300,62
Sierra Leone,Africa,8.42,54.7,3.92,1.24,27.3,1700,63
Mongolia,Asia,3.35,71,5.76,10.1,24.5,12300,64
Zimbabwe,Africa,15.99,61.5,3.15,1.4,24.2,2400,65
Qatar,Asia,2.69,79.3,6.37,14.3,22.6,93500,66
Central African Rep.,Africa,5.46,53.9,3.48,1.45,21.1,980,67
